Source File	Size	loadResources	load	generateSnapshots	load-configure	scan	loadDepInfo	loadInfo	checkR4R4B	generateNarratives	validate	loadLists	checkConformanceResources	checkConformanceResources2	checkConformanceResources3	generateLogicalMaps	validateExpressions	scanForUsageStats	checkURLsUnique	processProvenanceDetails	translate	generate1	generate2	generateLogicals	makeDependencies	generateExampleZip	generateValidationPack	scanProfilesForR5	scanExamplesForR5
/fsh-generated/resources/ImplementationGuide-ans.cda.fr.tddui.json	10023	-	0	0	0	0	0	0	14	59	0	0	0	0	1	0	0	0	0	0	0	110	238	0	0	0	4	0	4
fsh-generated/resources/Bundle-TDDUIBundleExample.json	3252	6	16	0	2	0	0	0	0	1100	0	0	0	0	0	0	0	0	0	0	0	20	77	0	0	0	0	0	0
fsh-generated/resources/CapabilityStatement-TDDUIConsommateur.json	1778	3	0	0	1	0	0	0	1	820	0	0	0	0	0	0	0	0	0	0	0	26	89	0	0	0	1	0	0
fsh-generated/resources/CapabilityStatement-TDDUIProducteur.json	1712	3	0	0	0	0	0	0	0	13	0	0	0	0	0	0	0	0	0	0	0	24	63	0	0	0	1	0	0
fsh-generated/resources/DocumentReference-TDDUIDocumentReferenceExample.json	1084	3	0	0	0	0	0	0	0	8	0	0	0	0	0	0	0	0	0	0	0	18	25	0	0	0	0	0	0
fsh-generated/resources/StructureDefinition-tddui-bundle.json	2072	8	0	77	0	0	0	0	1	84	0	0	1	0	1	0	0	2	0	0	0	308	1364	0	1	0	10	0	3
fsh-generated/resources/StructureDefinition-tddui-documentreference.json	14599	9	0	39	0	0	0	0	0	66	0	0	0	0	0	0	0	1	0	0	0	439	791	0	0	0	15	0	3
/fsh-generated/includes/menu.xml	4143	-	-	-	0	0	0	0	0	0	0	0	0	0	0	0	0	0	0	0	0	0	1	0	0	0	0	0	0
/fsh-generated/includes/fsh-link-references.md	390	-	-	-	0	0	0	0	0	0	0	0	0	0	0	0	0	0	0	0	0	0	0	0	0	0	0	0	0
/input/data/features.yml	197	-	-	-	0	0	0	0	0	0	0	0	0	0	0	0	0	0	0	0	0	0	0	0	0	0	0	0	0
/input/pagecontent/contenu_dossier_entete_cda.md	21496	-	-	-	0	0	0	0	0	0	0	0	0	0	0	0	0	0	0	0	0	0	2	0	0	0	0	0	0
/input/pagecontent/securite.md	940	-	-	-	0	0	0	0	0	0	0	0	0	0	0	0	0	0	0	0	0	0	1	0	0	0	0	0	0
/input/pagecontent/annexes_codes_professions_roles_modes_exercices.md	2584	-	-	-	0	0	0	0	0	0	0	0	0	0	0	0	0	0	0	0	0	0	0	0	0	0	0	0	0
/input/pagecontent/documentation.md	258	-	-	-	0	0	0	0	0	0	0	0	0	0	0	0	0	0	0	0	0	0	0	0	0	0	0	0	0
/input/pagecontent/site_ans.md	238	-	-	-	0	0	0	0	0	0	0	0	0	0	0	0	0	0	0	0	0	0	0	0	0	0	0	0	0
/input/pagecontent/autres_ressources.md	378	-	-	-	0	0	0	0	0	0	0	0	0	0	0	0	0	0	0	0	0	0	1	0	0	0	0	0	0
/input/pagecontent/tests.md	1295	-	-	-	0	0	0	0	0	0	0	0	0	0	0	0	0	0	0	0	0	0	0	0	0	0	0	0	0
/input/pagecontent/contenu_dossier_corps_cda.md	235	-	-	-	0	0	0	0	0	0	0	0	0	0	0	0	0	0	0	0	0	0	0	0	0	0	0	0	0
/input/pagecontent/contenu_sejour.md	5150	-	-	-	0	0	0	0	0	0	0	0	0	0	0	0	0	0	0	0	0	0	1	0	0	0	0	0	0
/input/pagecontent/terminology_cda.md	470	-	-	-	0	0	0	0	0	0	0	0	0	0	0	0	0	0	0	0	0	0	0	0	0	0	0	0	0
/input/pagecontent/contenu_documents_ajoutes.md	1802	-	-	-	0	0	0	0	0	0	0	0	0	0	0	0	0	0	0	0	0	0	0	0	0	0	0	0	0
/input/pagecontent/contenu_dossier.md	431	-	-	-	0	0	0	0	0	0	0	0	0	0	0	0	0	0	0	0	0	0	1	0	0	0	0	0	0
/input/pagecontent/ressources_cda.md	641	-	-	-	0	0	0	0	0	0	0	0	0	0	0	0	0	0	0	0	0	0	0	0	0	0	0	0	0
/input/pagecontent/description_flux_2_ajout_lot_doc.md	1508	-	-	-	0	0	0	0	0	0	0	0	0	0	0	0	0	0	0	0	0	0	0	0	0	0	0	0	0
/input/pagecontent/description_flux_1_ajout_doc.md	1290	-	-	-	0	0	0	0	0	0	0	0	0	0	0	0	0	0	0	0	0	0	1	0	0	0	0	0	0
/input/pagecontent/contenu_couvertures.md	1717	-	-	-	0	0	0	0	0	0	0	0	0	0	0	0	0	0	0	0	0	0	0	0	0	0	0	0	0
/input/pagecontent/annexes.md	199	-	-	-	0	0	0	0	0	0	0	0	0	0	0	0	0	0	0	0	0	0	0	0	0	0	0	0	0
/input/pagecontent/annexes_acronymes.md	1869	-	-	-	0	0	0	0	0	0	0	0	0	0	0	0	0	0	0	0	0	0	1	0	0	0	0	0	0
/input/pagecontent/ressources_conformite.md	97	-	-	-	0	0	0	0	0	0	0	0	0	0	0	0	0	0	0	0	0	0	0	0	0	0	0	0	0
/input/pagecontent/contenu_evenement.md	20396	-	-	-	0	0	0	0	0	0	0	0	0	0	0	0	0	0	0	0	0	0	2	0	0	0	0	0	0
/input/pagecontent/specs_cda.md	234	-	-	-	0	0	0	0	0	0	0	0	0	0	0	0	0	0	0	0	0	0	0	0	0	0	0	0	0
/input/pagecontent/description_flux.md	157	-	-	-	0	0	0	0	0	0	0	0	0	0	0	0	0	0	0	0	0	0	1	0	0	0	0	0	0
/input/pagecontent/contenu_evaluation.md	12296	-	-	-	0	0	0	0	0	0	0	0	0	0	0	0	0	0	0	0	0	0	1	0	0	0	0	0	0
/input/pagecontent/sfe.md	192	-	-	-	0	0	0	0	0	0	0	0	0	0	0	0	0	0	0	0	0	0	0	0	0	0	0	0	0
/input/pagecontent/changes.md	2508	-	-	-	0	0	0	0	0	0	0	0	0	0	0	0	0	0	0	0	0	0	1	0	0	0	0	0	0
/input/pagecontent/contenu_elements_transversaux.md	4991	-	-	-	0	0	0	0	0	0	0	0	0	0	0	0	0	0	0	0	0	0	0	0	0	0	0	0	0
/input/pagecontent/downloads.md	958	-	-	-	0	0	0	0	0	0	0	0	0	0	0	0	0	0	0	0	0	0	1	0	0	0	0	0	0
/input/pagecontent/annexes_documents_reference.md	949	-	-	-	0	0	0	0	0	0	0	0	0	0	0	0	0	0	0	0	0	0	0	0	0	0	0	0	0
/input/pagecontent/description_flux_synthese.md	711	-	-	-	0	0	0	0	0	0	0	0	0	0	0	0	0	0	0	0	0	0	0	0	0	0	0	0	0
/input/pagecontent/annexes_nomenclatures.md	779	-	-	-	0	0	0	0	0	0	0	0	0	0	0	0	0	0	0	0	0	0	0	0	0	0	0	0	0
/input/pagecontent/index.md	7283	-	-	-	0	0	0	0	0	0	0	0	0	0	0	0	0	0	0	0	0	0	1	0	0	0	0	0	0
/input/pagecontent/contenu_dossier_structure_cda.md	10686	-	-	-	0	0	0	0	0	0	0	0	0	0	0	0	0	0	0	0	0	0	1	0	0	0	0	0	0
/input/pagecontent/mapping_fonctionnelle_technique.md	1017	-	-	-	0	0	0	0	0	0	0	0	0	0	0	0	0	0	0	0	0	0	0	0	0	0	0	0	0
/input/pagecontent/specs_fhir.md	241	-	-	-	0	0	0	0	0	0	0	0	0	0	0	1	0	0	0	0	0	0	0	0	0	0	0	0	0
/input/pagecontent/contenu_dossier_contexte.md	4513	-	-	-	0	0	0	0	0	0	0	0	0	0	0	0	0	0	0	0	0	0	1	0	0	0	0	0	0
/template/config	0	-	-	-	0	0	0	0	0	0	0	0	0	0	0	0	0	0	0	0	0	0	0	0	0	0	0	0	0
/template/config/_config.yml	140	-	-	-	0	0	0	0	0	0	0	0	0	0	0	0	0	0	0	0	0	0	0	0	0	0	0	0	0
/input/images	0	-	-	-	0	0	0	0	0	0	0	0	0	0	0	0	0	0	0	0	0	0	1	0	0	0	0	0	0
/input/images/cda	0	-	-	-	0	0	0	0	0	0	0	0	0	0	0	0	0	0	0	0	0	0	0	0	0	0	0	0	0
/input/images/cda/tmp-1.2.250.1.213.1.1.1.1.10.5-DYNAMIC.html	705	-	-	-	0	0	0	0	0	0	0	0	0	0	0	0	0	0	0	0	0	0	0	0	0	0	0	0	0
/input/images/cda/voc-1.2.250.1.213.1.1.5.126-2010-01-01T000000.html	9367	-	-	-	0	0	0	0	0	0	0	0	0	0	0	0	0	0	0	0	0	0	1	0	0	0	0	0	0
/input/images/cda/tmp-1.2.250.1.213.1.1.3.24-DYNAMIC.html	705	-	-	-	0	0	0	0	0	0	0	0	0	0	0	0	0	0	0	0	0	0	0	0	0	0	0	0	0
/input/images/cda/tmp-1.2.250.1.213.1.1.3.48.7-DYNAMIC.html	704	-	-	-	0	0	0	0	0	0	0	0	0	0	0	0	0	0	0	0	0	0	0	0	0	0	0	0	0
/input/images/cda/tmp-1.2.250.1.213.1.1.3.32-2024-10-29T142132.html	170348	-	-	-	0	0	0	0	0	0	0	0	0	0	0	0	0	0	0	0	0	0	5	0	0	0	0	0	0
/input/images/cda/tmp-1.2.250.1.213.1.1.1.1.10.16-DYNAMIC.html	711	-	-	-	0	0	0	0	0	0	0	0	0	0	0	0	0	0	0	0	0	0	1	0	0	0	0	0	0
/input/images/cda/voc-2.16.840.1.113883.1.11.10901-2014-03-26T000000.html	53215	-	-	-	0	0	0	0	0	0	0	0	0	0	0	0	0	0	0	0	0	0	1	0	0	0	0	0	0
/input/images/cda/tmp-1.2.250.1.213.1.1.1.1.10.11-2024-10-22T162900.html	5435	-	-	-	0	0	0	0	0	0	0	0	0	0	0	0	0	0	0	0	0	0	1	0	0	0	0	0	0
/input/images/cda/tmp-1.2.250.1.213.1.1.1.1.10.3-DYNAMIC.html	711	-	-	-	0	0	0	0	0	0	0	0	0	0	0	0	0	0	0	0	0	0	0	0	0	0	0	0	0
/input/images/cda/voc-1.2.250.1.213.1.1.5.817-2024-12-19T000000.html	10025	-	-	-	0	0	0	0	0	0	0	0	0	0	0	0	0	0	0	0	0	0	0	0	0	0	0	0	0
/input/images/cda/tmp-1.2.250.1.213.1.1.3.48.18-DYNAMIC.html	712	-	-	-	0	0	0	0	0	0	0	0	0	0	0	0	0	0	0	0	0	0	1	0	0	0	0	0	0
/input/images/cda/voc-1.2.250.1.213.1.1.1.58.2024.11.2-DYNAMIC.html	699	-	-	-	0	0	0	0	0	0	0	0	0	0	0	0	0	0	0	0	0	0	0	0	0	0	0	0	0
/input/images/cda/tmp-1.2.250.1.213.1.1.1.58-DYNAMIC.html	687	-	-	-	0	0	0	0	0	0	0	0	0	0	0	0	0	0	0	0	0	0	0	0	0	0	0	0	0
/input/images/cda/tmp-1.2.250.1.213.1.1.1.1.10.5-2017-12-11T145049.html	63216	-	-	-	0	0	0	0	0	0	0	0	0	0	0	0	0	0	0	0	0	0	2	0	0	0	0	0	0
/input/images/cda/voc-1.2.250.1.213.1.1.5.588-2021-03-26T120000.html	8669	-	-	-	0	0	0	0	0	0	0	0	0	0	0	0	0	0	0	0	0	0	1	0	0	0	0	0	0
/input/images/cda/voc-2.16.840.1.113883.1.11.15933-DYNAMIC.html	673	-	-	-	0	0	0	0	0	0	0	0	0	0	0	0	0	0	0	0	0	0	0	0	0	0	0	0	0
/input/images/cda/voc-1.2.250.1.213.1.1.5.467-DYNAMIC.html	700	-	-	-	0	0	0	0	0	0	0	0	0	0	0	0	0	0	0	0	0	0	0	0	0	0	0	0	0
/input/images/cda/tmp-1.2.250.1.213.1.1.3.61-DYNAMIC.html	703	-	-	-	0	0	0	0	0	0	0	0	0	0	0	0	0	0	0	0	0	0	0	0	0	0	0	0	0
/input/images/cda/voc-1.2.250.1.213.1.1.5.73-2010-01-01T000000.html	11093	-	-	-	0	0	0	0	0	0	0	0	0	0	0	0	0	0	0	0	0	0	1	0	0	0	0	0	0
/input/images/cda/voc-1.2.250.1.213.1.1.5.528-DYNAMIC.html	705	-	-	-	0	0	0	0	0	0	0	0	0	0	0	0	0	0	0	0	0	0	0	0	0	0	0	0	0
/input/images/cda/voc-1.2.250.1.213.1.1.5.816-2024-12-19T000000.html	9398	-	-	-	0	0	0	0	0	0	0	0	0	0	0	0	0	0	0	0	0	0	1	0	0	0	0	0	0
/input/images/cda/voc-1.2.250.1.213.1.1.5.817-DYNAMIC.html	693	-	-	-	0	0	0	0	0	0	0	0	0	0	0	0	0	0	0	0	0	0	0	0	0	0	0	0	0
/input/images/cda/tmp-1.2.250.1.213.1.1.1.1.10.4-DYNAMIC.html	711	-	-	-	0	0	0	0	0	0	0	0	0	0	0	0	0	0	0	0	0	0	0	0	0	0	0	0	0
/input/images/cda/tmp-1.2.250.1.213.1.1.3.218-DYNAMIC.html	703	-	-	-	0	0	0	0	0	0	0	0	0	0	0	0	0	0	0	0	0	0	0	0	0	0	0	0	0
/input/images/cda/tmp-1.2.250.1.213.1.1.3.18-DYNAMIC.html	701	-	-	-	0	0	0	0	0	0	0	0	0	0	0	0	0	0	0	0	0	0	1	0	0	0	0	0	0
/input/images/cda/tmp-1.2.250.1.213.1.1.1.1.10.15-DYNAMIC.html	718	-	-	-	0	0	0	0	0	0	0	0	0	0	0	0	0	0	0	0	0	0	0	0	0	0	0	0	0
/input/images/cda/tmp-1.2.250.1.213.1.1.1.1.10.13-2025-02-17T152516.html	77238	-	-	-	0	0	0	0	0	0	0	0	0	0	0	0	0	0	0	0	0	0	2	0	0	0	0	0	0
/input/images/cda/voc-1.2.250.1.213.3.3.251-DYNAMIC.html	711	-	-	-	0	0	0	0	0	0	0	0	0	0	0	0	0	0	0	0	0	0	1	0	0	0	0	0	0
/input/images/cda/voc-1.2.250.1.213.1.1.5.805-DYNAMIC.html	684	-	-	-	0	0	0	0	0	0	0	0	0	0	0	0	0	0	0	0	0	0	0	0	0	0	0	0	0
/input/images/cda/voc-1.2.250.1.213.1.1.5.461-2012-11-12T000000.html	303924	-	-	-	0	0	0	0	0	0	0	0	0	0	0	0	0	0	0	0	0	0	8	0	0	0	0	0	0
/input/images/cda/voc-1.2.250.1.213.1.1.5.804-DYNAMIC.html	682	-	-	-	0	0	0	0	0	0	0	0	0	0	0	0	0	0	0	0	0	0	0	0	0	0	0	0	0
/input/images/cda/voc-1.2.250.1.213.1.1.5.806-DYNAMIC.html	684	-	-	-	0	0	0	0	0	0	0	0	0	0	0	0	0	0	0	0	0	0	1	0	0	0	0	0	0
/input/images/cda/tmp-1.2.250.1.213.1.1.3.217-DYNAMIC.html	693	-	-	-	0	0	0	0	0	0	0	0	0	0	0	0	0	0	0	0	0	0	0	0	0	0	0	0	0
/input/images/cda/voc-2.16.840.1.113883.1.11.10228-DYNAMIC.html	679	-	-	-	0	0	0	0	0	0	0	0	0	0	0	0	0	0	0	0	0	0	0	0	0	0	0	0	0
/input/images/cda/voc-1.2.250.1.213.1.1.5.808-DYNAMIC.html	691	-	-	-	0	0	0	0	0	0	0	0	0	0	0	0	0	0	0	0	0	0	0	0	0	0	0	0	0
/input/images/cda/tmp-1.2.250.1.213.1.1.2.248-2024-09-06T174901.html	18586	-	-	-	0	0	0	0	0	0	0	0	0	0	0	0	0	0	0	0	0	0	1	0	0	0	0	0	0
/input/images/cda/tmp-1.2.250.1.213.1.1.3.215-DYNAMIC.html	696	-	-	-	0	0	0	0	0	0	0	0	0	0	0	0	0	0	0	0	0	0	0	0	0	0	0	0	0
/input/images/cda/tmp-1.2.250.1.213.1.1.3.25-2024-10-21T164618.html	390062	-	-	-	0	0	0	0	0	0	0	0	0	0	0	0	0	0	0	0	0	0	11	0	0	0	0	0	0
/input/images/cda/tmp-1.2.250.1.213.1.1.1.1.10.12-2024-09-10T104919.html	217048	-	-	-	0	0	0	0	0	0	0	0	0	0	0	0	0	0	0	0	0	0	6	0	0	0	0	0	0
/input/images/cda/tmp-1.2.250.1.213.1.1.3.48-DYNAMIC.html	703	-	-	-	0	0	0	0	0	0	0	0	0	0	0	0	0	0	0	0	0	0	0	0	0	0	0	0	0
/input/images/cda/voc-1.2.250.1.213.1.1.5.126-DYNAMIC.html	689	-	-	-	0	0	0	0	0	0	0	0	0	0	0	0	0	0	0	0	0	0	0	0	0	0	0	0	0
/input/images/cda/tmp-1.2.250.1.213.1.1.3.214-2024-11-19T121425.html	31280	-	-	-	0	0	0	0	0	0	0	0	0	0	0	0	0	0	0	0	0	0	1	0	0	0	0	0	0
/input/images/cda/voc-1.2.250.1.213.1.1.5.125-DYNAMIC.html	684	-	-	-	0	0	0	0	0	0	0	0	0	0	0	0	0	0	0	0	0	0	0	0	0	0	0	0	0
/input/images/cda/tmp-1.2.250.1.213.1.1.1.1.10.14-2025-02-17T154344.html	139071	-	-	-	0	0	0	0	0	0	0	0	0	0	0	0	0	0	0	0	0	0	4	0	0	0	0	0	0
/input/images/cda/assets	0	-	-	-	0	0	0	0	0	0	0	0	0	0	0	0	0	0	0	0	0	0	0	0	0	0	0	0	0
/input/images/cda/assets/doublearrow.png	3661	-	-	-	0	0	0	0	0	0	0	0	0	0	0	0	0	0	0	0	0	0	0	0	0	0	0	0	0
/input/images/cda/assets/version.xml	97	-	-	-	0	0	0	0	0	0	0	0	0	0	0	0	0	0	0	0	0	0	0	0	0	0	0	0	0
/input/images/cda/assets/kgrey.png	4060	-	-	-	0	0	0	0	0	0	0	0	0	0	0	0	0	0	0	0	0	0	1	0	0	0	0	0	0
/input/images/cda/assets/document.png	690	-	-	-	0	0	0	0	0	0	0	0	0	0	0	0	0	0	0	0	0	0	0	0	0	0	0	0	0
/input/images/cda/assets/favicon.ico	766	-	-	-	0	0	0	0	0	0	0	0	0	0	0	0	0	0	0	0	0	0	0	0	0	0	0	0	0
/input/images/cda/assets/kpurple.png	4197	-	-	-	0	0	0	0	0	0	0	0	0	0	0	0	0	0	0	0	0	0	0	0	0	0	0	0	0
/input/images/cda/assets/scripts	0	-	-	-	0	0	0	0	0	0	0	0	0	0	0	0	0	0	0	0	0	0	0	0	0	0	0	0	0
/input/images/cda/assets/scripts/jquery.hashchange.min.js	2728	-	-	-	0	0	0	0	0	0	0	0	0	0	0	0	0	0	0	0	0	0	0	0	0	0	0	0	0
/input/images/cda/assets/scripts/jquery-3.3.1.min.js	86927	-	-	-	0	0	0	0	0	0	0	0	0	0	0	0	0	0	0	0	0	0	1	0	0	0	0	0	0
/input/images/cda/assets/scripts/jquery.treetable.js	16635	-	-	-	0	0	0	0	0	0	0	0	0	0	0	0	0	0	0	0	0	0	0	0	0	0	0	0	0
/input/images/cda/assets/scripts/jquery.cookie.js	3121	-	-	-	0	0	0	0	0	0	0	0	0	0	0	0	0	0	0	0	0	0	1	0	0	0	0	0	0
/input/images/cda/assets/scripts/jquery-1.11.3.min.js	95992	-	-	-	0	0	0	0	0	0	0	0	0	0	0	0	0	0	0	0	0	0	0	0	0	0	0	0	0
/input/images/cda/assets/scripts/jquery-3.5.1.min.js	89476	-	-	-	0	0	0	0	0	0	0	0	0	0	0	0	0	0	0	0	0	0	0	0	0	0	0	0	0
/input/images/cda/assets/scripts/retrieve-transaction.js	7507	-	-	-	0	0	0	0	0	0	0	0	0	0	0	0	0	0	0	0	0	0	0	0	0	0	0	0	0
/input/images/cda/assets/scripts/jquery-1.11.1.min.js	95786	-	-	-	0	0	0	0	0	0	0	0	0	0	0	0	0	0	0	0	0	0	1	0	0	0	0	0	0
/input/images/cda/assets/scripts/treetable-extra.js	1492	-	-	-	0	0	0	0	0	0	0	0	0	0	0	0	0	0	0	0	0	0	0	0	0	0	0	0	0
/input/images/cda/assets/scripts/dragtable.js	17707	-	-	-	0	0	0	0	0	0	0	0	0	0	0	0	0	0	0	0	0	0	0	0	0	0	0	0	0
/input/images/cda/assets/scripts/jquery.easytabs.js	26798	-	-	-	0	0	0	0	0	0	0	0	0	0	0	0	0	0	0	0	0	0	0	0	0	0	0	0	0
/input/images/cda/assets/scripts/nictiz.js	1191	-	-	-	0	0	0	0	0	0	0	0	0	0	0	0	0	0	0	0	0	0	0	0	0	0	0	0	0
/input/images/cda/assets/write.png	1414	-	-	-	0	0	0	0	0	0	0	0	0	0	0	0	0	0	0	0	0	0	1	0	0	0	0	0	0
/input/images/cda/assets/zoomoutb.png	178	-	-	-	0	0	0	0	0	0	0	0	0	0	0	0	0	0	0	0	0	0	0	0	0	0	0	0	0
/input/images/cda/assets/twitter-logo.png	18623	-	-	-	0	0	0	0	0	0	0	0	0	0	0	0	0	0	0	0	0	0	0	0	0	0	0	0	0
/input/images/cda/assets/questionmark.png	2713	-	-	-	0	0	0	0	0	0	0	0	0	0	0	0	0	0	0	0	0	0	0	0	0	0	0	0	0
/input/images/cda/assets/3dartdecor.jpg	248533	-	-	-	0	0	0	0	0	0	0	0	0	0	0	0	0	0	0	0	0	0	1	0	0	0	0	0	0
/input/images/cda/assets/facebook-logo.png	18291	-	-	-	0	0	0	0	0	0	0	0	0	0	0	0	0	0	0	0	0	0	0	0	0	0	0	0	0
/input/images/cda/assets/mootools-core.js	172468	-	-	-	0	0	0	0	0	0	0	0	0	0	0	0	0	0	0	0	0	0	0	0	0	0	0	0	0
/input/images/cda/assets/partialpublication.png	1201	-	-	-	0	0	0	0	0	0	0	0	0	0	0	0	0	0	0	0	0	0	0	0	0	0	0	0	0
/input/images/cda/assets/construction.png	1404	-	-	-	0	0	0	0	0	0	0	0	0	0	0	0	0	0	0	0	0	0	1	0	0	0	0	0	0
/input/images/cda/assets/zoomin.png	1420	-	-	-	0	0	0	0	0	0	0	0	0	0	0	0	0	0	0	0	0	0	0	0	0	0	0	0	0
/input/images/cda/assets/bbr.png	10047	-	-	-	0	0	0	0	0	0	0	0	0	0	0	0	0	0	0	0	0	0	0	0	0	0	0	0	0
/input/images/cda/assets/korange.png	4280	-	-	-	0	0	0	0	0	0	0	0	0	0	0	0	0	0	0	0	0	0	0	0	0	0	0	0	0
/input/images/cda/assets/arrowleft.png	926	-	-	-	0	0	0	0	0	0	0	0	0	0	0	0	0	0	0	0	0	0	0	0	0	0	0	0	0
/input/images/cda/assets/mootools-TabSwapper.js	6363	-	-	-	0	0	0	0	0	0	0	0	0	0	0	0	0	0	0	0	0	0	1	0	0	0	0	0	0
/input/images/cda/assets/kred.png	4170	-	-	-	0	0	0	0	0	0	0	0	0	0	0	0	0	0	0	0	0	0	0	0	0	0	0	0	0
/input/images/cda/assets/decor-new.css	19285	-	-	-	0	0	0	0	0	0	0	0	0	0	0	0	0	0	0	0	0	0	0	0	0	0	0	0	0
/input/images/cda/assets/en-US.png	609	-	-	-	0	0	0	0	0	0	0	0	0	0	0	0	0	0	0	0	0	0	0	0	0	0	0	0	0
/input/images/cda/assets/art-decor-logo-small.jpg	230247	-	-	-	0	0	0	0	0	0	0	0	0	0	0	0	0	0	0	0	0	0	1	0	0	0	0	0	0
/input/images/cda/assets/tracking.png	1026	-	-	-	0	0	0	0	0	0	0	0	0	0	0	0	0	0	0	0	0	0	0	0	0	0	0	0	0
/input/images/cda/assets/zoomout.png	1421	-	-	-	0	0	0	0	0	0	0	0	0	0	0	0	0	0	0	0	0	0	0	0	0	0	0	0	0
/input/images/cda/assets/images	0	-	-	-	0	0	0	0	0	0	0	0	0	0	0	0	0	0	0	0	0	0	0	0	0	0	0	0	0
/input/images/cda/assets/images/nl.png	453	-	-	-	0	0	0	0	0	0	0	0	0	0	0	0	0	0	0	0	0	0	0	0	0	0	0	0	0
/input/images/cda/assets/images/expand.png	2894	-	-	-	0	0	0	0	0	0	0	0	0	0	0	0	0	0	0	0	0	0	1	0	0	0	0	0	0
/input/images/cda/assets/images/us.png	609	-	-	-	0	0	0	0	0	0	0	0	0	0	0	0	0	0	0	0	0	0	0	0	0	0	0	0	0
/input/images/cda/assets/images/bg-table-thead.png	2836	-	-	-	0	0	0	0	0	0	0	0	0	0	0	0	0	0	0	0	0	0	0	0	0	0	0	0	0
/input/images/cda/assets/images/expand-light.png	2863	-	-	-	0	0	0	0	0	0	0	0	0	0	0	0	0	0	0	0	0	0	0	0	0	0	0	0	0
/input/images/cda/assets/images/collapse.png	2886	-	-	-	0	0	0	0	0	0	0	0	0	0	0	0	0	0	0	0	0	0	1	0	0	0	0	0	0
/input/images/cda/assets/images/block.png	2855	-	-	-	0	0	0	0	0	0	0	0	0	0	0	0	0	0	0	0	0	0	0	0	0	0	0	0	0
/input/images/cda/assets/images/collapse-light.png	2864	-	-	-	0	0	0	0	0	0	0	0	0	0	0	0	0	0	0	0	0	0	2	0	0	0	0	0	0
/input/images/cda/assets/images/de.png	545	-	-	-	0	0	0	0	0	0	0	0	0	0	0	0	0	0	0	0	0	0	0	0	0	0	0	0	0
/input/images/cda/assets/images/folder.png	537	-	-	-	0	0	0	0	0	0	0	0	0	0	0	0	0	0	0	0	0	0	0	0	0	0	0	0	0
/input/images/cda/assets/images/file.png	342	-	-	-	0	0	0	0	0	0	0	0	0	0	0	0	0	0	0	0	0	0	1	0	0	0	0	0	0
/input/images/cda/assets/kgreen.png	4266	-	-	-	0	0	0	0	0	0	0	0	0	0	0	0	0	0	0	0	0	0	0	0	0	0	0	0	0
/input/images/cda/assets/loading.gif	9418	-	-	-	0	0	0	0	0	0	0	0	0	0	0	0	0	0	0	0	0	0	0	0	0	0	0	0	0
/input/images/cda/assets/css	0	-	-	-	0	0	0	0	0	0	0	0	0	0	0	0	0	0	0	0	0	0	0	0	0	0	0	0	0
/input/images/cda/assets/css/jquery.treetable.css	420	-	-	-	0	0	0	0	0	0	0	0	0	0	0	0	0	0	0	0	0	0	0	0	0	0	0	0	0
/input/images/cda/assets/css/nictiz.css	9883	-	-	-	0	0	0	0	0	0	0	0	0	0	0	0	0	0	0	0	0	0	0	0	0	0	0	0	0
/input/images/cda/assets/css/default.css	12513	-	-	-	0	0	0	0	0	0	0	0	0	0	0	0	0	0	0	0	0	0	1	0	0	0	0	0	0
/input/images/cda/assets/css/diff.css	1664	-	-	-	0	0	0	0	0	0	0	0	0	0	0	0	0	0	0	0	0	0	3	0	0	0	0	0	0
/input/images/cda/assets/css/jquery.treetable.theme.css	2222	-	-	-	0	0	0	0	0	0	0	0	0	0	0	0	0	0	0	0	0	0	0	0	0	0	0	0	0
/input/images/cda/assets/css/diffold.css	3627	-	-	-	0	0	0	0	0	0	0	0	0	0	0	0	0	0	0	0	0	0	0	0	0	0	0	0	0
/input/images/cda/assets/css/retrieve-transaction.css	6215	-	-	-	0	0	0	0	0	0	0	0	0	0	0	0	0	0	0	0	0	0	0	0	0	0	0	0	0
/input/images/cda/assets/css/jquery.treetable.theme.nictiz.css	2222	-	-	-	0	0	0	0	0	0	0	0	0	0	0	0	0	0	0	0	0	0	1	0	0	0	0	0	0
/input/images/cda/assets/css/retrieve-template.css	3031	-	-	-	0	0	0	0	0	0	0	0	0	0	0	0	0	0	0	0	0	0	0	0	0	0	0	0	0
/input/images/cda/assets/plus.png	757	-	-	-	0	0	0	0	0	0	0	0	0	0	0	0	0	0	0	0	0	0	0	0	0	0	0	0	0
/input/images/cda/assets/alert.png	2407	-	-	-	0	0	0	0	0	0	0	0	0	0	0	0	0	0	0	0	0	0	0	0	0	0	0	0	0
/input/images/cda/assets/kblue.png	4234	-	-	-	0	0	0	0	0	0	0	0	0	0	0	0	0	0	0	0	0	0	1	0	0	0	0	0	0
/input/images/cda/assets/blueclock.png	1885	-	-	-	0	0	0	0	0	0	0	0	0	0	0	0	0	0	0	0	0	0	0	0	0	0	0	0	0
/input/images/cda/assets/treeblank.png	163	-	-	-	0	0	0	0	0	0	0	0	0	0	0	0	0	0	0	0	0	0	0	0	0	0	0	0	0
/input/images/cda/assets/decorprinttoc.js	2215	-	-	-	0	0	0	0	0	0	0	0	0	0	0	0	0	0	0	0	0	0	0	0	0	0	0	0	0
/input/images/cda/assets/decorprint.css	28382	-	-	-	0	0	0	0	0	0	0	0	0	0	0	0	0	0	0	0	0	0	0	0	0	0	0	0	0
/input/images/cda/assets/strips.png	163	-	-	-	0	0	0	0	0	0	0	0	0	0	0	0	0	0	0	0	0	0	1	0	0	0	0	0	0
/input/images/cda/assets/circleminus.png	7835	-	-	-	0	0	0	0	0	0	0	0	0	0	0	0	0	0	0	0	0	0	0	0	0	0	0	0	0
/input/images/cda/assets/linkedin-logo.png	22473	-	-	-	0	0	0	0	0	0	0	0	0	0	0	0	0	0	0	0	0	0	0	0	0	0	0	0	0
/input/images/cda/assets/info2.png	973	-	-	-	0	0	0	0	0	0	0	0	0	0	0	0	0	0	0	0	0	0	0	0	0	0	0	0	0
/input/images/cda/assets/redo.png	892	-	-	-	0	0	0	0	0	0	0	0	0	0	0	0	0	0	0	0	0	0	0	0	0	0	0	0	0
/input/images/cda/assets/notice.png	2060	-	-	-	0	0	0	0	0	0	0	0	0	0	0	0	0	0	0	0	0	0	1	0	0	0	0	0	0
/input/images/cda/assets/experimental.png	580	-	-	-	0	0	0	0	0	0	0	0	0	0	0	0	0	0	0	0	0	0	0	0	0	0	0	0	0
/input/images/cda/assets/treetree.png	192	-	-	-	0	0	0	0	0	0	0	0	0	0	0	0	0	0	0	0	0	0	0	0	0	0	0	0	0
/input/images/cda/assets/decor.css	15834	-	-	-	0	0	0	0	0	0	0	0	0	0	0	0	0	0	0	0	0	0	0	0	0	0	0	0	0
/input/images/cda/assets/link.png	1505	-	-	-	0	0	0	0	0	0	0	0	0	0	0	0	0	0	0	0	0	0	0	0	0	0	0	0	0
/input/images/cda/assets/clock.png	2068	-	-	-	0	0	0	0	0	0	0	0	0	0	0	0	0	0	0	0	0	0	0	0	0	0	0	0	0
/input/images/cda/assets/treeline.png	131	-	-	-	0	0	0	0	0	0	0	0	0	0	0	0	0	0	0	0	0	0	1	0	0	0	0	0	0
/input/images/cda/assets/kvalidgreen.png	4447	-	-	-	0	0	0	0	0	0	0	0	0	0	0	0	0	0	0	0	0	0	0	0	0	0	0	0	0
/input/images/cda/assets/rotate.png	1387	-	-	-	0	0	0	0	0	0	0	0	0	0	0	0	0	0	0	0	0	0	0	0	0	0	0	0	0
/input/images/cda/assets/yellowdot.gif	102	-	-	-	0	0	0	0	0	0	0	0	0	0	0	0	0	0	0	0	0	0	0	0	0	0	0	0	0
/input/images/cda/assets/attachment.png	1668	-	-	-	0	0	0	0	0	0	0	0	0	0	0	0	0	0	0	0	0	0	1	0	0	0	0	0	0
/input/images/cda/assets/users.png	1284	-	-	-	0	0	0	0	0	0	0	0	0	0	0	0	0	0	0	0	0	0	0	0	0	0	0	0	0
/input/images/cda/assets/3dartdecor2016.jpg	389569	-	-	-	0	0	0	0	0	0	0	0	0	0	0	0	0	0	0	0	0	0	0	0	0	0	0	0	0
/input/images/cda/assets/download.png	1434	-	-	-	0	0	0	0	0	0	0	0	0	0	0	0	0	0	0	0	0	0	0	0	0	0	0	0	0
/input/images/cda/assets/dots.png	421	-	-	-	0	0	0	0	0	0	0	0	0	0	0	0	0	0	0	0	0	0	1	0	0	0	0	0	0
/input/images/cda/assets/info.png	2269	-	-	-	0	0	0	0	0	0	0	0	0	0	0	0	0	0	0	0	0	0	0	0	0	0	0	0	0
/input/images/cda/assets/user.png	1194	-	-	-	0	0	0	0	0	0	0	0	0	0	0	0	0	0	0	0	0	0	0	0	0	0	0	0	0
/input/images/cda/assets/orangedot.gif	102	-	-	-	0	0	0	0	0	0	0	0	0	0	0	0	0	0	0	0	0	0	0	0	0	0	0	0	0
/input/images/cda/assets/target.png	2165	-	-	-	0	0	0	0	0	0	0	0	0	0	0	0	0	0	0	0	0	0	0	0	0	0	0	0	0
/input/images/cda/assets/kvalidblue.png	4416	-	-	-	0	0	0	0	0	0	0	0	0	0	0	0	0	0	0	0	0	0	0	0	0	0	0	0	0
/input/images/cda/assets/circleplus.png	7901	-	-	-	0	0	0	0	0	0	0	0	0	0	0	0	0	0	0	0	0	0	1	0	0	0	0	0	0
/input/images/cda/assets/logos	0	-	-	-	0	0	0	0	0	0	0	0	0	0	0	0	0	0	0	0	0	0	0	0	0	0	0	0	0
/input/images/cda/assets/logos/hl7-logo.png	16986	-	-	-	0	0	0	0	0	0	0	0	0	0	0	0	0	0	0	0	0	0	0	0	0	0	0	0	0
/input/images/cda/assets/logos/art-decor-logo-small.jpg	95285	-	-	-	0	0	0	0	0	0	0	0	0	0	0	0	0	0	0	0	0	0	0	0	0	0	0	0	0
/input/images/cda/assets/logos/nictiz.jpg	20724	-	-	-	0	0	0	0	0	0	0	0	0	0	0	0	0	0	0	0	0	0	0	0	0	0	0	0	0
/input/images/cda/assets/arrowright.png	927	-	-	-	0	0	0	0	0	0	0	0	0	0	0	0	0	0	0	0	0	0	1	0	0	0	0	0	0
/input/images/cda/assets/kyellow.png	4101	-	-	-	0	0	0	0	0	0	0	0	0	0	0	0	0	0	0	0	0	0	0	0	0	0	0	0	0
/input/images/cda/assets/flag.png	1242	-	-	-	0	0	0	0	0	0	0	0	0	0	0	0	0	0	0	0	0	0	1	0	0	0	0	0	0
/input/images/cda/assets/docbook.css	2452	-	-	-	0	0	0	0	0	0	0	0	0	0	0	0	0	0	0	0	0	0	0	0	0	0	0	0	0
/input/images/cda/assets/nl-NL.png	453	-	-	-	0	0	0	0	0	0	0	0	0	0	0	0	0	0	0	0	0	0	0	0	0	0	0	0	0
/input/images/cda/assets/respond	0	-	-	-	0	0	0	0	0	0	0	0	0	0	0	0	0	0	0	0	0	0	0	0	0	0	0	0	0
/input/images/cda/assets/respond/version-1.4.2.txt	52	-	-	-	0	0	0	0	0	0	0	0	0	0	0	0	0	0	0	0	0	0	1	0	0	0	0	0	0
/input/images/cda/assets/respond/respond.min.js	4377	-	-	-	0	0	0	0	0	0	0	0	0	0	0	0	0	0	0	0	0	0	0	0	0	0	0	0	0
/input/images/cda/assets/reddot.gif	102	-	-	-	0	0	0	0	0	0	0	0	0	0	0	0	0	0	0	0	0	0	0	0	0	0	0	0	0
/input/images/cda/assets/mootools-more.js	348789	-	-	-	0	0	0	0	0	0	0	0	0	0	0	0	0	0	0	0	0	0	1	0	0	0	0	0	0
/input/images/cda/assets/folder.png	793	-	-	-	0	0	0	0	0	0	0	0	0	0	0	0	0	0	0	0	0	0	0	0	0	0	0	0	0
/input/images/cda/assets/mail.png	1263	-	-	-	0	0	0	0	0	0	0	0	0	0	0	0	0	0	0	0	0	0	0	0	0	0	0	0	0
/input/images/cda/assets/art-decor-logo-small-old.jpg	95285	-	-	-	0	0	0	0	0	0	0	0	0	0	0	0	0	0	0	0	0	0	0	0	0	0	0	0	0
/input/images/cda/assets/globe.png	1853	-	-	-	0	0	0	0	0	0	0	0	0	0	0	0	0	0	0	0	0	0	1	0	0	0	0	0	0
/input/images/cda/assets/kblank.png	7810	-	-	-	0	0	0	0	0	0	0	0	0	0	0	0	0	0	0	0	0	0	0	0	0	0	0	0	0
/input/images/cda/assets/folderopen.png	1583	-	-	-	0	0	0	0	0	0	0	0	0	0	0	0	0	0	0	0	0	0	0	0	0	0	0	0	0
/input/images/cda/assets/zoominb.png	164	-	-	-	0	0	0	0	0	0	0	0	0	0	0	0	0	0	0	0	0	0	0	0	0	0	0	0	0
/input/images/cda/assets/motoggle.js	2630	-	-	-	0	0	0	0	0	0	0	0	0	0	0	0	0	0	0	0	0	0	1	0	0	0	0	0	0
/input/images/cda/assets/kcancelledblue.png	4259	-	-	-	0	0	0	0	0	0	0	0	0	0	0	0	0	0	0	0	0	0	0	0	0	0	0	0	0
/input/images/cda/assets/zebra-table.js	1191	-	-	-	0	0	0	0	0	0	0	0	0	0	0	0	0	0	0	0	0	0	0	0	0	0	0	0	0
/input/images/cda/assets/bootstrap	0	-	-	-	0	0	0	0	0	0	0	0	0	0	0	0	0	0	0	0	0	0	0	0	0	0	0	0	0
/input/images/cda/assets/bootstrap/version-3.6.6.txt	348	-	-	-	0	0	0	0	0	0	0	0	0	0	0	0	0	0	0	0	0	0	1	0	0	0	0	0	0
/input/images/cda/assets/bootstrap/css	0	-	-	-	0	0	0	0	0	0	0	0	0	0	0	0	0	0	0	0	0	0	0	0	0	0	0	0	0
/input/images/cda/assets/bootstrap/css/bootstrap.min.css.map	54416	-	-	-	0	0	0	0	0	0	0	0	0	0	0	0	0	0	0	0	0	0	0	0	0	0	0	0	0
/input/images/cda/assets/bootstrap/css/bootstrap.min.css	121260	-	-	-	0	0	0	0	0	0	0	0	0	0	0	0	0	0	0	0	0	0	0	0	0	0	0	0	0
/input/images/cda/assets/bootstrap/css/ie10-viewport-bug-workaround.css	519	-	-	-	0	0	0	0	0	0	0	0	0	0	0	0	0	0	0	0	0	0	1	0	0	0	0	0	0
/input/images/cda/assets/bootstrap/fonts	0	-	-	-	0	0	0	0	0	0	0	0	0	0	0	0	0	0	0	0	0	0	0	0	0	0	0	0	0
/input/images/cda/assets/bootstrap/fonts/glyphicons-halflings-regular.woff2	18028	-	-	-	0	0	0	0	0	0	0	0	0	0	0	0	0	0	0	0	0	0	0	0	0	0	0	0	0
/input/images/cda/assets/bootstrap/fonts/glyphicons-halflings-regular.eot	20127	-	-	-	0	0	0	0	0	0	0	0	0	0	0	0	0	0	0	0	0	0	0	0	0	0	0	0	0
/input/images/cda/assets/bootstrap/fonts/glyphicons-halflings-regular.woff	23424	-	-	-	0	0	0	0	0	0	0	0	0	0	0	0	0	0	0	0	0	0	0	0	0	0	0	0	0
/input/images/cda/assets/bootstrap/fonts/glyphicons-halflings-regular.svg	108738	-	-	-	0	0	0	0	0	0	0	0	0	0	0	0	0	0	0	0	0	0	1	0	0	0	0	0	0
/input/images/cda/assets/bootstrap/fonts/glyphicons-halflings-regular.ttf	45404	-	-	-	0	0	0	0	0	0	0	0	0	0	0	0	0	0	0	0	0	0	0	0	0	0	0	0	0
/input/images/cda/assets/bootstrap/js	0	-	-	-	0	0	0	0	0	0	0	0	0	0	0	0	0	0	0	0	0	0	0	0	0	0	0	0	0
/input/images/cda/assets/bootstrap/js/ie10-viewport-bug-workaround.js	419	-	-	-	0	0	0	0	0	0	0	0	0	0	0	0	0	0	0	0	0	0	0	0	0	0	0	0	0
/input/images/cda/assets/bootstrap/js/bootstrap.min.js	36868	-	-	-	0	0	0	0	0	0	0	0	0	0	0	0	0	0	0	0	0	0	1	0	0	0	0	0	0
/input/images/cda/assets/html5shiv	0	-	-	-	0	0	0	0	0	0	0	0	0	0	0	0	0	0	0	0	0	0	0	0	0	0	0	0	0
/input/images/cda/assets/html5shiv/html5shiv.min.js	2636	-	-	-	0	0	0	0	0	0	0	0	0	0	0	0	0	0	0	0	0	0	0	0	0	0	0	0	0
/input/images/cda/assets/html5shiv/version-3.7.2.txt	56	-	-	-	0	0	0	0	0	0	0	0	0	0	0	0	0	0	0	0	0	0	0	0	0	0	0	0	0
/input/images/cda/assets/de-DE.png	545	-	-	-	0	0	0	0	0	0	0	0	0	0	0	0	0	0	0	0	0	0	1	0	0	0	0	0	0
/input/images/cda/tmp-1.2.250.1.213.1.1.1.1.10.7-2025-02-17T150746.html	153578	-	-	-	0	0	0	0	0	0	0	0	0	0	0	0	0	0	0	0	0	0	4	0	0	0	0	0	0
/input/images/cda/tmp-1.2.250.1.213.1.1.1.1.10.3-2024-04-29T110947.html	10932	-	-	-	0	0	0	0	0	0	0	0	0	0	0	0	0	0	0	0	0	0	0	0	0	0	0	0	0
/input/images/cda/tmp-1.2.250.1.213.1.1.1.1.10.10-DYNAMIC.html	710	-	-	-	0	0	0	0	0	0	0	0	0	0	0	0	0	0	0	0	0	0	1	0	0	0	0	0	0
/input/images/cda/tmp-1.2.250.1.213.1.1.3.61-2024-10-29T142700.html	21960	-	-	-	0	0	0	0	0	0	0	0	0	0	0	0	0	0	0	0	0	0	1	0	0	0	0	0	0
/input/images/cda/voc-1.2.250.1.213.1.1.1.58.2024.11.2-2024-09-30T145837.html	12549	-	-	-	0	0	0	0	0	0	0	0	0	0	0	0	0	0	0	0	0	0	0	0	0	0	0	0	0
/input/images/cda/voc-1.2.250.1.213.1.1.5.590-DYNAMIC.html	699	-	-	-	0	0	0	0	0	0	0	0	0	0	0	0	0	0	0	0	0	0	1	0	0	0	0	0	0
/input/images/cda/tmp-1.2.250.1.213.1.1.1.1.10.4-2024-11-20T161310.html	214331	-	-	-	0	0	0	0	0	0	0	0	0	0	0	0	0	0	0	0	0	0	4	0	0	0	0	0	0
/input/images/cda/tmp-1.2.250.1.213.1.1.3.214-DYNAMIC.html	707	-	-	-	0	0	0	0	0	0	0	0	0	0	0	0	0	0	0	0	0	0	1	0	0	0	0	0	0
/input/images/cda/tmp-1.2.250.1.213.1.1.3.94-DYNAMIC.html	712	-	-	-	0	0	0	0	0	0	0	0	0	0	0	0	0	0	0	0	0	0	0	0	0	0	0	0	0
/input/images/cda/tmp-1.2.250.1.213.1.1.1.1.10.13-DYNAMIC.html	711	-	-	-	0	0	0	0	0	0	0	0	0	0	0	0	0	0	0	0	0	0	0	0	0	0	0	0	0
/input/images/cda/voc-1.2.250.1.213.1.1.1.58.2024.11.1-DYNAMIC.html	692	-	-	-	0	0	0	0	0	0	0	0	0	0	0	0	0	0	0	0	0	0	0	0	0	0	0	0	0
/input/images/cda/tmp-1.2.250.1.213.1.1.3.216-2025-02-18T175052.html	257087	-	-	-	0	0	0	0	0	0	0	0	0	0	0	0	0	0	0	0	0	0	6	0	0	0	0	0	0
/input/images/cda/voc-1.2.250.1.213.1.1.5.140-DYNAMIC.html	682	-	-	-	0	0	0	0	0	0	0	0	0	0	0	0	0	0	0	0	0	0	0	0	0	0	0	0	0
/input/images/cda/voc-1.2.250.1.213.1.1.5.804-2024-09-06T000000.html	13111	-	-	-	0	0	0	0	0	0	0	0	0	0	0	0	0	0	0	0	0	0	0	0	0	0	0	0	0
/input/images/cda/tmp-1.2.250.1.213.1.1.3.48.6-DYNAMIC.html	704	-	-	-	0	0	0	0	0	0	0	0	0	0	0	0	0	0	0	0	0	0	1	0	0	0	0	0	0
/input/images/cda/voc-1.2.250.1.213.3.3.252-DYNAMIC.html	699	-	-	-	0	0	0	0	0	0	0	0	0	0	0	0	0	0	0	0	0	0	0	0	0	0	0	0	0
/input/images/cda/tmp-1.2.250.1.213.1.1.1.1.10.25-2024-09-30T105040.html	11335	-	-	-	0	0	0	0	0	0	0	0	0	0	0	0	0	0	0	0	0	0	0	0	0	0	0	0	0
/input/images/cda/tmp-1.2.250.1.213.1.1.2.249-2024-09-18T104731.html	18196	-	-	-	0	0	0	0	0	0	0	0	0	0	0	0	0	0	0	0	0	0	1	0	0	0	0	0	0
/input/images/cda/voc-1.2.250.1.213.1.1.5.811-DYNAMIC.html	685	-	-	-	0	0	0	0	0	0	0	0	0	0	0	0	0	0	0	0	0	0	0	0	0	0	0	0	0
/input/images/cda/tmp-1.2.250.1.213.1.1.3.32-DYNAMIC.html	699	-	-	-	0	0	0	0	0	0	0	0	0	0	0	0	0	0	0	0	0	0	1	0	0	0	0	0	0
/input/images/cda/voc-1.2.250.1.213.1.1.5.809-2024-09-18T000000.html	8598	-	-	-	0	0	0	0	0	0	0	0	0	0	0	0	0	0	0	0	0	0	0	0	0	0	0	0	0
/input/images/cda/voc-1.2.250.1.213.3.4.219-2024-09-27T120000.html	14986	-	-	-	0	0	0	0	0	0	0	0	0	0	0	0	0	0	0	0	0	0	1	0	0	0	0	0	0
/input/images/cda/voc-1.2.250.1.213.3.4.218-2023-12-15T120000.html	25218	-	-	-	0	0	0	0	0	0	0	0	0	0	0	0	0	0	0	0	0	0	0	0	0	0	0	0	0
/input/images/cda/tmp-1.2.250.1.213.1.1.1.1.10.7-DYNAMIC.html	702	-	-	-	0	0	0	0	0	0	0	0	0	0	0	0	0	0	0	0	0	0	1	0	0	1	0	0	0
/input/images/cda/voc-1.2.250.1.213.1.1.5.801-DYNAMIC.html	683	-	-	-	0	0	0	0	0	0	0	0	0	0	0	0	0	0	0	0	0	0	2	0	0	0	0	0	0
/input/images/cda/voc-1.2.250.1.213.3.3.16-DYNAMIC.html	690	-	-	-	0	0	0	0	0	0	0	0	0	0	0	0	0	0	0	0	0	0	0	0	0	0	0	0	0
/input/images/cda/voc-1.2.250.1.213.1.1.5.816-DYNAMIC.html	685	-	-	-	0	0	0	0	0	0	0	0	0	0	0	0	0	0	0	0	0	0	0	0	0	0	0	0	0
/input/images/cda/tmp-1.2.250.1.213.1.1.2.37-DYNAMIC.html	702	-	-	-	0	0	0	0	0	0	0	0	0	0	0	0	0	0	0	0	0	0	1	0	0	0	0	0	0
/input/images/cda/tmp-1.2.250.1.213.1.1.1.1.10.17-2024-02-20T154733.html	13573	-	-	-	0	0	0	0	0	0	0	0	0	0	0	0	0	0	0	0	0	0	0	0	0	0	0	0	0
/input/images/cda/tmp-1.2.250.1.213.1.1.1.1.10.17-DYNAMIC.html	713	-	-	-	0	0	0	0	0	0	0	0	0	0	0	0	0	0	0	0	0	0	0	0	0	0	0	0	0
/input/images/cda/voc-1.2.250.1.213.3.3.251-2024-10-25T120000.html	10408	-	-	-	0	0	0	0	0	0	0	0	0	0	0	0	0	0	0	0	0	0	1	0	0	0	0	0	0
/input/images/cda/voc-1.2.250.1.213.1.6.1.168-2019-08-30T120000.html	65730	-	-	-	0	0	0	0	0	0	0	0	0	0	0	0	0	0	0	0	0	0	2	0	0	0	0	0	0
/input/images/cda/voc-1.2.250.1.213.1.1.5.803-DYNAMIC.html	695	-	-	-	0	0	0	0	0	0	0	0	0	0	0	0	0	0	0	0	0	0	1	0	0	0	0	0	0
/input/images/cda/tmp-1.2.250.1.213.1.1.2.79-2024-10-29T140733.html	18550	-	-	-	0	0	0	0	0	0	0	0	0	0	0	0	0	0	0	0	0	0	0	0	0	0	0	0	0
/input/images/cda/voc-1.2.250.1.213.3.4.218-DYNAMIC.html	700	-	-	-	0	0	0	0	0	0	0	0	0	0	0	0	0	0	0	0	0	0	0	0	0	0	0	0	0
/input/images/cda/tmp-1.2.250.1.213.1.1.3.48.7-2025-02-18T162615.html	173209	-	-	-	0	0	0	0	0	0	0	0	0	0	0	0	0	0	0	0	0	0	4	0	0	0	0	0	0
/input/images/cda/voc-2.16.840.1.113883.1.11.10228-2014-03-26T000000.html	12930	-	-	-	0	0	0	0	0	0	0	0	0	0	0	0	0	0	0	0	0	0	1	0	0	0	0	0	0
/input/images/cda/tmp-1.2.250.1.213.1.1.1.1.10.15-2023-12-15T171349.html	130673	-	-	-	0	0	0	0	0	0	0	0	0	0	0	0	0	0	0	0	0	0	2	0	0	0	0	0	0
/input/images/cda/terminology.html	44784	-	-	-	0	0	0	0	0	0	0	0	0	0	0	0	0	0	0	0	0	0	2	0	0	0	0	0	0
/input/images/cda/voc-1.2.250.1.213.1.1.5.807-DYNAMIC.html	684	-	-	-	0	0	0	0	0	0	0	0	0	0	0	0	0	0	0	0	0	0	0	0	0	0	0	0	0
/input/images/cda/tmp-1.2.250.1.213.1.1.1.99.99.10.85-DYNAMIC.html	712	-	-	-	0	0	0	0	0	0	0	0	0	0	0	0	0	0	0	0	0	0	0	0	0	0	0	0	0
/input/images/cda/voc-1.2.250.1.213.1.1.5.466-2014-10-08T000000.html	58147	-	-	-	0	0	0	0	0	0	0	0	0	0	0	0	0	0	0	0	0	0	1	0	0	0	0	0	0
/input/images/cda/voc-1.2.250.1.213.1.1.5.801-2024-09-02T000000.html	10081	-	-	-	0	0	0	0	0	0	0	0	0	0	0	0	0	0	0	0	0	0	1	0	0	0	0	0	0
/input/images/cda/voc-1.2.250.1.213.1.1.5.124-DYNAMIC.html	690	-	-	-	0	0	0	0	0	0	0	0	0	0	0	0	0	0	0	0	0	0	0	0	0	0	0	0	0
/input/images/cda/tmp-1.2.250.1.213.1.1.1.1.10.2-2024-12-20T130919.html	344066	-	-	-	0	0	0	0	0	0	0	0	0	0	0	0	0	0	0	0	0	0	7	0	0	0	0	0	0
/input/images/cda/voc-1.2.250.1.213.1.1.5.719-DYNAMIC.html	684	-	-	-	0	0	0	0	0	0	0	0	0	0	0	0	0	0	0	0	0	0	0	0	0	0	0	0	0
/input/images/cda/voc-1.2.250.1.213.1.1.5.590-2021-03-26T120000.html	9379	-	-	-	0	0	0	0	0	0	0	0	0	0	0	0	0	0	0	0	0	0	0	0	0	0	0	0	0
/input/images/cda/tmp-1.2.250.1.213.1.1.1.1.10.6-DYNAMIC.html	714	-	-	-	0	0	0	0	0	0	0	0	0	0	0	0	0	0	0	0	0	0	1	0	0	0	0	0	0
/input/images/cda/voc-1.2.250.1.213.1.1.5.589-2021-03-26T120000.html	13237	-	-	-	0	0	0	0	0	0	0	0	0	0	0	0	0	0	0	0	0	0	0	0	0	0	0	0	0
/input/images/cda/voc-1.2.250.1.213.1.1.5.125-2010-01-01T000000.html	9362	-	-	-	0	0	0	0	0	0	0	0	0	0	0	0	0	0	0	0	0	0	0	0	0	0	0	0	0
/input/images/cda/voc-1.2.250.1.213.1.1.5.588-DYNAMIC.html	688	-	-	-	0	0	0	0	0	0	0	0	0	0	0	0	0	0	0	0	0	0	1	0	0	0	0	0	0
/input/images/cda/voc-1.2.250.1.213.1.1.5.803-2024-09-06T000000.html	11542	-	-	-	0	0	0	0	0	0	0	0	0	0	0	0	0	0	0	0	0	0	0	0	0	0	0	0	0
/input/images/cda/tmp-1.2.250.1.213.1.1.3.219-DYNAMIC.html	693	-	-	-	0	0	0	0	0	0	0	0	0	0	0	0	0	0	0	0	0	0	0	0	0	0	0	0	0
/input/images/cda/voc-1.2.250.1.213.1.1.5.809-DYNAMIC.html	701	-	-	-	0	0	0	0	0	0	0	0	0	0	0	0	0	0	0	0	0	0	1	0	0	0	0	0	0
/input/images/cda/voc-1.2.250.1.213.1.1.5.466-DYNAMIC.html	707	-	-	-	0	0	0	0	0	0	0	0	0	0	0	0	0	0	0	0	0	0	0	0	0	0	0	0	0
/input/images/cda/tmp-1.2.250.1.213.1.1.3.48-2024-10-29T154828.html	175439	-	-	-	0	0	0	0	0	0	0	0	0	0	0	0	0	0	0	0	0	0	3	0	0	0	0	0	0
/input/images/cda/voc-1.2.250.1.213.1.1.1.58.2024.11.3-DYNAMIC.html	705	-	-	-	0	0	0	0	0	0	0	0	0	0	0	0	0	0	0	0	0	0	1	0	0	0	0	0	0
/input/images/cda/aaacomments	25	-	-	-	0	0	0	0	0	0	0	0	0	0	0	0	0	0	0	0	0	0	0	0	0	0	0	0	0
/input/images/cda/tmp-1.2.250.1.213.1.1.1.1.10.12-DYNAMIC.html	707	-	-	-	0	0	0	0	0	0	0	0	0	0	0	0	0	0	0	0	0	0	0	0	0	0	0	0	0
/input/images/cda/tmp-1.2.250.1.213.1.1.1.1.10.18-2024-04-22T162929.html	37865	-	-	-	0	0	0	0	0	0	0	0	0	0	0	0	0	0	0	0	0	0	1	0	0	0	0	0	0
/input/images/cda/tmp-1.2.250.1.213.1.1.1.1.10.25-DYNAMIC.html	711	-	-	-	0	0	0	0	0	0	0	0	0	0	0	0	0	0	0	0	0	0	0	0	0	0	0	0	0
/input/images/cda/tmp-1.2.250.1.213.1.1.3.217-2024-09-06T142804.html	184808	-	-	-	0	0	0	0	0	0	0	0	0	0	0	0	0	0	0	0	0	0	4	0	0	0	0	0	0
/input/images/cda/voc-1.2.250.1.213.1.1.5.808-2024-09-18T000000.html	8583	-	-	-	0	0	0	0	0	0	0	0	0	0	0	0	0	0	0	0	0	0	0	0	0	0	0	0	0
/input/images/cda/voc-1.2.250.1.213.1.1.5.589-DYNAMIC.html	692	-	-	-	0	0	0	0	0	0	0	0	0	0	0	0	0	0	0	0	0	0	1	0	0	0	0	0	0
/input/images/cda/voc-1.2.250.1.213.3.3.253-DYNAMIC.html	697	-	-	-	0	0	0	0	0	0	0	0	0	0	0	0	0	0	0	0	0	0	0	0	0	0	0	0	0
/input/images/cda/voc-1.2.250.1.213.1.1.5.53-2010-01-01T000000.html	11285	-	-	-	0	0	0	0	0	0	0	0	0	0	0	0	0	0	0	0	0	0	0	0	0	0	0	0	0
/input/images/cda/tmp-1.2.250.1.213.1.1.3.220-2024-11-19T102244.html	24693	-	-	-	0	0	0	0	0	0	0	0	0	0	0	0	0	0	0	0	0	0	1	0	0	0	0	0	0
/input/images/cda/voc-1.2.250.1.213.1.1.5.124-2018-03-30T120000.html	19417	-	-	-	0	0	0	0	0	0	0	0	0	0	0	0	0	0	0	0	0	0	1	0	0	0	0	0	0
/input/images/cda/voc-2.16.840.1.113883.1.11.15933-2014-03-26T000000.html	16728	-	-	-	0	0	0	0	0	0	0	0	0	0	0	0	0	0	0	0	0	0	0	0	0	0	0	0	0
/input/images/cda/tmp-1.2.250.1.213.1.1.3.109-2024-11-20T154401.html	80981	-	-	-	0	0	0	0	0	0	0	0	0	0	0	0	0	0	0	0	0	0	2	0	0	0	0	0	0
/input/images/cda/tmp-1.2.250.1.213.1.1.3.95-2024-10-16T152305.html	18894	-	-	-	0	0	0	0	0	0	0	0	0	0	0	0	0	0	0	0	0	0	1	0	0	0	0	0	0
/input/images/cda/voc-1.2.250.1.213.3.3.254-DYNAMIC.html	686	-	-	-	0	0	0	0	0	0	0	0	0	0	0	0	0	0	0	0	0	0	0	0	0	0	0	0	0
/input/images/cda/tmp-1.2.250.1.213.1.1.2.246-2024-10-21T160707.html	382118	-	-	-	0	0	0	0	0	0	0	0	0	0	0	0	0	0	0	0	0	0	8	0	0	0	0	0	0
/input/images/cda/voc-2.16.840.1.113883.1.11.10901-DYNAMIC.html	681	-	-	-	0	0	0	0	0	0	0	0	0	0	0	0	0	0	0	0	0	0	0	0	0	0	0	0	0
/input/images/cda/tmp-1.2.250.1.213.1.1.2.37-2024-10-29T141153.html	15997	-	-	-	0	0	0	0	0	0	0	0	0	0	0	0	0	0	0	0	0	0	0	0	0	0	0	0	0
/input/images/cda/voc-1.2.250.1.213.3.4.219-DYNAMIC.html	690	-	-	-	0	0	0	0	0	0	0	0	0	0	0	0	0	0	0	0	0	0	1	0	0	0	0	0	0
/input/images/cda/tmp-1.2.250.1.213.1.1.3.218-2024-09-17T165718.html	229128	-	-	-	0	0	0	0	0	0	0	0	0	0	0	0	0	0	0	0	0	0	4	0	0	0	0	0	0
/input/images/cda/tmp-1.2.250.1.213.1.1.3.24-2025-02-18T174947.html	248938	-	-	-	0	0	0	0	0	0	0	0	0	0	0	0	0	0	0	0	0	0	5	0	0	0	0	0	0
/input/images/cda/voc-1.2.250.1.213.1.1.1.58.2024.11.1-2024-09-30T145433.html	10776	-	-	-	0	0	0	0	0	0	0	0	0	0	0	0	0	0	0	0	0	0	1	0	0	0	0	0	0
/input/images/cda/tmp-1.2.250.1.213.1.1.1.1.10.14-DYNAMIC.html	712	-	-	-	0	0	0	0	0	0	0	0	0	0	0	0	0	0	0	0	0	0	0	0	0	0	0	0	0
/input/images/cda/voc-1.2.250.1.213.3.3.253-2024-10-25T120000.html	35719	-	-	-	0	0	0	0	0	0	0	0	0	0	0	0	0	0	0	0	0	0	1	0	0	0	0	0	0
/input/images/cda/tmp-1.2.250.1.213.1.1.3.94-2025-02-18T163426.html	58238	-	-	-	0	0	0	0	0	0	0	0	0	0	0	0	0	0	0	0	0	0	1	0	0	0	0	0	0
/input/images/cda/voc-1.2.250.1.213.1.1.5.140-2010-01-01T000000.html	17935	-	-	-	0	0	0	0	0	0	0	0	0	0	0	0	0	0	0	0	0	0	1	0	0	0	0	0	0
/input/images/cda/voc-1.2.250.1.213.1.1.5.53-DYNAMIC.html	669	-	-	-	0	0	0	0	0	0	0	0	0	0	0	0	0	0	0	0	0	0	0	0	0	0	0	0	0
/input/images/cda/tmp-1.2.250.1.213.1.1.3.48.6-2025-02-18T162507.html	175728	-	-	-	0	0	0	0	0	0	0	0	0	0	0	0	0	0	0	0	0	0	4	0	0	0	0	0	0
/input/images/cda/voc-1.2.250.1.213.1.1.5.718-2023-03-31T120000.html	8513	-	-	-	0	0	0	0	0	0	0	0	0	0	0	0	0	0	0	0	0	0	0	0	0	0	0	0	0
/input/images/cda/voc-1.2.250.1.213.1.1.5.528-2021-01-29T120000.html	11576	-	-	-	0	0	0	0	0	0	0	0	0	0	0	0	0	0	0	0	0	0	1	0	0	0	0	0	0
/input/images/cda/tmp-1.2.250.1.213.1.1.1.58-2025-01-22T180849.html	2062979	-	-	-	0	0	0	0	0	0	0	0	0	0	0	0	0	0	0	0	0	0	40	0	0	0	0	0	0
/input/images/cda/tmp-1.2.250.1.213.1.1.1.1.10.9-2023-12-14T150730.html	155178	-	-	-	0	0	0	0	0	0	0	0	0	0	0	0	0	0	0	0	0	0	4	0	0	0	0	0	0
/input/images/cda/tmp-1.2.250.1.213.1.1.1.1.10.6-2024-10-11T151018.html	146124	-	-	-	0	0	0	0	0	0	0	0	0	0	0	0	0	0	0	0	0	0	3	0	0	0	0	0	0
/input/images/cda/tmp-1.2.250.1.213.1.1.1.1.10.16-2023-12-15T170436.html	142166	-	-	-	0	0	0	0	0	0	0	0	0	0	0	0	0	0	0	0	0	0	3	0	0	0	0	0	0
/input/images/cda/tmp-1.2.250.1.213.1.1.2.249-DYNAMIC.html	694	-	-	-	0	0	0	0	0	0	0	0	0	0	0	0	0	0	0	0	0	0	0	0	0	0	0	0	0
/input/images/cda/tmp-1.2.250.1.213.1.1.1.1.10.2-DYNAMIC.html	707	-	-	-	0	0	0	0	0	0	0	0	0	0	0	0	0	0	0	0	0	0	0	0	0	0	0	0	0
/input/images/cda/voc-1.2.250.1.213.1.1.5.591-2021-03-26T120000.html	12214	-	-	-	0	0	0	0	0	0	0	0	0	0	0	0	0	0	0	0	0	0	1	0	0	0	0	0	0
/input/images/cda/tmp-1.2.250.1.213.1.1.3.36-DYNAMIC.html	702	-	-	-	0	0	0	0	0	0	0	0	0	0	0	0	0	0	0	0	0	0	0	0	0	0	0	0	0
/input/images/cda/tmp-1.2.250.1.213.1.1.1.1.10.9-DYNAMIC.html	707	-	-	-	0	0	0	0	0	0	0	0	0	0	0	0	0	0	0	0	0	0	0	0	0	0	0	0	0
/input/images/cda/tmp-1.2.250.1.213.1.1.1.1.10.18-DYNAMIC.html	702	-	-	-	0	0	0	0	0	0	0	0	0	0	0	0	0	0	0	0	0	0	0	0	0	0	0	0	0
/input/images/cda/tmp-1.2.250.1.213.1.1.1.1.10.19-DYNAMIC.html	705	-	-	-	0	0	0	0	0	0	0	0	0	0	0	0	0	0	0	0	0	0	1	0	0	0	0	0	0
/input/images/cda/tmp-1.2.250.1.213.1.1.1.1.10.19-2020-02-06T100000.html	16955	-	-	-	0	0	0	0	0	0	0	0	0	0	0	0	0	0	0	0	0	0	0	0	0	0	0	0	0
/input/images/cda/tmp-1.2.250.1.213.1.1.2.248-DYNAMIC.html	697	-	-	-	0	0	0	0	0	0	0	0	0	0	0	0	0	0	0	0	0	0	0	0	0	0	0	0	0
/input/images/cda/voc-1.2.250.1.213.1.1.5.806-2024-09-18T000000.html	18489	-	-	-	0	0	0	0	0	0	0	0	0	0	0	0	0	0	0	0	0	0	1	0	0	0	0	0	0
/input/images/cda/voc-1.2.250.1.213.1.1.5.811-2025-10-10T172851.html	13078	-	-	-	0	0	0	0	0	0	0	0	0	0	0	0	0	0	0	0	0	0	0	0	0	0	0	0	0
/input/images/cda/tmp-1.2.250.1.213.1.1.2.79-DYNAMIC.html	705	-	-	-	0	0	0	0	0	0	0	0	0	0	0	0	0	0	0	0	0	0	1	0	0	0	0	0	0
/input/images/cda/voc-1.2.250.1.213.3.3.254-2024-10-25T120000.html	33985	-	-	-	0	0	0	0	0	0	0	0	0	0	0	0	0	0	0	0	0	0	0	0	0	0	0	0	0
/input/images/cda/tmp-1.2.250.1.213.1.1.3.220-DYNAMIC.html	710	-	-	-	0	0	0	0	0	0	0	0	0	0	0	0	0	0	0	0	0	0	1	0	0	0	0	0	0
/input/images/cda/voc-1.2.250.1.213.1.6.1.168-DYNAMIC.html	699	-	-	-	0	0	0	0	0	0	0	0	0	0	0	0	0	0	0	0	0	0	0	0	0	0	0	0	0
/input/images/cda/voc-1.2.250.1.213.1.1.5.467-2010-11-04T000000.html	18852	-	-	-	0	0	0	0	0	0	0	0	0	0	0	0	0	0	0	0	0	0	1	0	0	0	0	0	0
/input/images/cda/voc-1.2.250.1.213.1.1.5.719-2023-03-31T120000.html	11382	-	-	-	0	0	0	0	0	0	0	0	0	0	0	0	0	0	0	0	0	0	0	0	0	0	0	0	0
/input/images/cda/tmp-1.2.250.1.213.1.1.3.48.18-2024-11-14T165825.html	33608	-	-	-	0	0	0	0	0	0	0	0	0	0	0	0	0	0	0	0	0	0	1	0	0	0	0	0	0
/input/images/cda/tmp-1.2.250.1.213.1.1.3.25-DYNAMIC.html	695	-	-	-	0	0	0	0	0	0	0	0	0	0	0	0	0	0	0	0	0	0	0	0	0	0	0	0	0
/input/images/cda/tmp-1.2.250.1.213.1.1.2.246-DYNAMIC.html	705	-	-	-	0	0	0	0	0	0	0	0	0	0	0	0	0	0	0	0	0	0	0	0	0	0	0	0	0
/input/images/cda/voc-1.2.250.1.213.1.1.5.805-2024-09-18T000000.html	14658	-	-	-	0	0	0	0	0	0	0	0	0	0	0	0	0	0	0	0	0	0	1	0	0	0	0	0	0
/input/images/cda/tmp-1.2.250.1.213.1.1.3.36-2024-11-14T144916.html	12657	-	-	-	0	0	0	0	0	0	0	0	0	0	0	0	0	0	0	0	0	0	0	0	0	0	0	0	0
/input/images/cda/tmp-1.2.250.1.213.1.1.1.1.10.11-DYNAMIC.html	709	-	-	-	0	0	0	0	0	0	0	0	0	0	0	0	0	0	0	0	0	0	0	0	0	0	0	0	0
/input/images/cda/voc-1.2.250.1.213.1.1.5.591-DYNAMIC.html	696	-	-	-	0	0	0	0	0	0	0	0	0	0	0	0	0	0	0	0	0	0	1	0	0	0	0	0	0
/input/images/cda/tmp-1.2.250.1.213.1.1.3.219-2024-10-17T211142.html	24625	-	-	-	0	0	0	0	0	0	0	0	0	0	0	0	0	0	0	0	0	0	0	0	0	0	0	0	0
/input/images/cda/voc-1.2.250.1.213.1.1.5.802-2024-09-06T000000.html	13669	-	-	-	0	0	0	0	0	0	0	0	0	0	0	0	0	0	0	0	0	0	1	0	0	0	0	0	0
/input/images/cda/voc-1.2.250.1.213.1.1.1.58.2024.11.3-2024-09-30T150022.html	10043	-	-	-	0	0	0	0	0	0	0	0	0	0	0	0	0	0	0	0	0	0	0	0	0	0	0	0	0
/input/images/cda/voc-1.2.250.1.213.3.3.252-2024-10-25T120000.html	34244	-	-	-	0	0	0	0	0	0	0	0	0	0	0	0	0	0	0	0	0	0	1	0	0	0	0	0	0
/input/images/cda/tmp-1.2.250.1.213.1.1.3.95-DYNAMIC.html	722	-	-	-	0	0	0	0	0	0	0	0	0	0	0	0	0	0	0	0	0	0	0	0	0	0	0	0	0
/input/images/cda/tmp-1.2.250.1.213.1.1.3.215-2025-02-18T153709.html	636369	-	-	-	0	0	0	0	0	0	0	0	0	0	0	0	0	0	0	0	0	0	12	0	0	0	0	0	0
/input/images/cda/voc-1.2.250.1.213.1.1.5.807-2024-09-18T000000.html	11049	-	-	-	0	0	0	0	0	0	0	0	0	0	0	0	0	0	0	0	0	0	0	0	0	0	0	0	0
/input/images/cda/tmp-1.2.250.1.213.1.1.3.18-2024-10-29T143105.html	26619	-	-	-	0	0	0	0	0	0	0	0	0	0	0	0	0	0	0	0	0	0	1	0	0	0	0	0	0
/input/images/cda/voc-1.2.250.1.213.3.3.16-2016-09-01T000000.html	33315	-	-	-	0	0	0	0	0	0	0	0	0	0	0	0	0	0	0	0	0	0	0	0	0	0	0	0	0
/input/images/cda/tmp-1.2.250.1.213.1.1.3.109-DYNAMIC.html	698	-	-	-	0	0	0	0	0	0	0	0	0	0	0	0	0	0	0	0	0	0	0	0	0	0	0	0	0
/input/images/cda/tmp-1.2.250.1.213.1.1.3.216-DYNAMIC.html	713	-	-	-	0	0	0	0	0	0	0	0	0	0	0	0	0	0	0	0	0	0	0	0	0	0	0	0	0
/input/images/cda/voc-1.2.250.1.213.1.1.5.73-DYNAMIC.html	680	-	-	-	0	0	0	0	0	0	0	0	0	0	0	0	0	0	0	0	0	0	1	0	0	0	0	0	0
/input/images/cda/tmp-1.2.250.1.213.1.1.1.1.10.10-2024-12-03T172030.html	196539	-	-	-	0	0	0	0	0	0	0	0	0	0	0	0	0	0	0	0	0	0	2	0	0	0	0	0	0
/input/images/cda/tmp-1.2.250.1.213.1.1.1.99.99.10.85-2025-02-18T144446.html	122814	-	-	-	0	0	0	0	0	0	0	0	0	0	0	0	0	0	0	0	0	0	2	0	0	0	0	0	0
/input/images/cda/voc-1.2.250.1.213.1.1.5.718-DYNAMIC.html	687	-	-	-	0	0	0	0	0	0	0	0	0	0	0	0	0	0	0	0	0	0	0	0	0	0	0	0	0
/input/images/cda/voc-1.2.250.1.213.1.1.5.802-DYNAMIC.html	681	-	-	-	0	0	0	0	0	0	0	0	0	0	0	0	0	0	0	0	0	0	0	0	0	0	0	0	0
/input/images/cda/voc-1.2.250.1.213.1.1.5.461-DYNAMIC.html	696	-	-	-	0	0	0	0	0	0	0	0	0	0	0	0	0	0	0	0	0	0	0	0	0	0	0	0	0
/input/images/ci-sis-logo.png	61365	-	-	-	0	0	0	0	0	0	0	0	0	0	0	0	0	0	0	0	0	0	1	0	0	0	0	0	0
/input/images/anImage.png	36288	-	-	-	0	0	0	0	0	0	0	0	0	0	0	0	0	0	0	0	0	0	0	0	0	0	0	0	0
/input/images/NormesStandards_TransfertDonneesDUI_V1.0.pdf	1523644	-	-	-	0	0	0	0	0	0	0	0	0	0	0	0	0	0	0	0	0	0	1	0	0	0	0	0	0
/input/images/CDA_TDDUI_Exemple_v1.0.1.xml	386009	-	-	-	0	0	0	0	0	0	0	0	0	0	0	0	0	0	0	0	0	0	6	0	0	0	0	0	0
/temp/pages/_includes/artifacts.xml	5761	-	-	-	-	-	-	-	-	-	-	-	-	-	-	-	-	-	-	-	-	-	0	0	0	0	0	0	0
